=== Crop Risk Tool - Tar spot model ===,,,,,,,,,,,,,,
Generated: 2026-04-07 09:35:10.372282,,,,,,,,,,,,,,
Host: connect.doit.wisc.edu,,,,,,,,,,,,,,
,,,,,,,,,,,,,,
=== Site list ===,,,,,,,,,,,,,,
id,name,lat,lng,grid_id,grid_lat,grid_lng,time_zone,date_min,date_max,time_min,time_max,days_expected,days_actual,days_missing
1,"Seymour, WI",44.5306,-88.4135,dpcj7vzzrekrc,44.54945054945055,-88.41798444,America/Chicago,4/1/2025,11/1/2025,4/1/2025 0:20,11/1/2025 23:20,215,215,0
,,,,,,,,,,,,,,
=== Model data ===,,,,,,,,,,,,,,
id,name,lat,lng,date,temperature_min_c,temperature_mean_c,relative_humidity_max_percent,hours_rh_over_90_night,temperature_mean_30day_c,temperature_min_21day_c,relative_humidity_max_30day_percent,hours_rh_over_90_night_14day,probability,risk
1,"Seymour, WI",44.5306,-88.4135,4/1/2025,-4.6,-0.079166667,95.6,4,2.352016908,-2.271428571,88.91333333333333,3.9285714285714284,0,Very low risk
1,"Seymour, WI",44.5306,-88.4135,4/2/2025,-0.1,2.5208333333333335,100,8,2.378822463768116,-2.204761905,89.32,4.5,0,Very low risk
1,"Seymour, WI",44.5306,-88.4135,4/3/2025,1.4,5.354166666666667,91.3,5,2.4206280193236713,-2.019047619,89.03,4.571428571428571,0,Very low risk
1,"Seymour, WI",44.5306,-88.4135,4/4/2025,-1.8,4.3625,91.8,2,2.5914613526570047,-2.242857143,88.75666666666666,4.714285714285714,0,Very low risk
1,"Seymour, WI",44.5306,-88.4135,4/5/2025,0.9,5.066666666666666,85.6,0,2.826183574879227,-2.280952381,88.99,4.714285714285714,0,Very low risk
1,"Seymour, WI",44.5306,-88.4135,4/6/2025,-3.3,4.429166666666667,73.3,0,3.002433574879227,-2.29047619,88.24666666666667,4.714285714285714,0,Very low risk
1,"Seymour, WI",44.5306,-88.4135,4/7/2025,-4.4,0.016666667,90,1,3.0296557971014493,-2.242857143,88.40666666666667,4.142857142857143,0,Very low risk
1,"Seymour, WI",44.5306,-88.4135,4/8/2025,-6.9,-0.7,70.4,0,2.7979166666666666,-2.685714286,87.78333333333333,3.7142857142857144,0,Very low risk
1,"Seymour, WI",44.5306,-88.4135,4/9/2025,-0.9,3.45,89.5,0,2.625,-2.69047619,87.66,3.642857142857143,0,Very low risk
1,"Seymour, WI",44.5306,-88.4135,4/10/2025,0.7,4.391304347826087,96,7,2.6347101449275363,-2.495238095,88.18666666666667,3.9285714285714284,0,Very low risk
1,"Seymour, WI",44.5306,-88.4135,4/11/2025,-1.6,6.533333333333333,96,4,2.7545712560386475,-2.476190476,88.64666666666666,4.214285714285714,0,Very low risk
1,"Seymour, WI",44.5306,-88.4135,4/12/2025,-1.1,8.591666666666667,95.1,2,2.857487922705314,-2.314285714,88.90666666666667,3.7142857142857144,0,Very low risk
1,"Seymour, WI",44.5306,-88.4135,4/13/2025,8.8,11.933333333333334,77.1,0,2.8577657004830916,-1.742857143,89.14,2.9285714285714284,0,Very low risk
1,"Seymour, WI",44.5306,-88.4135,4/14/2025,6.5,10.466666666666667,79,0,2.8647101449275363,-1.238095238,88.79,2.357142857142857,0,Very low risk
1,"Seymour, WI",44.5306,-88.4135,4/15/2025,1.2,4.458333333333333,94.6,4,3.0181823671497585,-0.852380952,89.12,2.357142857142857,0,Very low risk
1,"Seymour, WI",44.5306,-88.4135,4/16/2025,-1.6,4.891666666666667,75.2,0,3.0916545893719807,-0.604761905,88.98,1.7857142857142858,0,Very low risk
1,"Seymour, WI",44.5306,-88.4135,4/17/2025,2.3,10.241666666666667,82.2,0,3.242487922705314,-0.39047619,89.19,1.4285714285714286,0,Very low risk
1,"Seymour, WI",44.5306,-88.4135,4/18/2025,7.7,12.541666666666666,98,4,3.615960144927536,-0.076190476,89.22333333333333,1.5714285714285714,0,Very low risk
1,"Seymour, WI",44.5306,-88.4135,4/19/2025,5.3,8.395833333333334,94.1,9,3.905543478,0.19523809523809524,89.37666666666667,2.2142857142857144,0.019523807,Low risk
1,"Seymour, WI",44.5306,-88.4135,4/20/2025,2.9,6.404166666666667,90,1,3.9795712560386476,0.38571428571428573,89.86,2.2857142857142856,0.038571423,Low risk
1,"Seymour, WI",44.5306,-88.4135,4/21/2025,4.2,6.820833333333334,100,5,4.252349033816425,0.7428571428571429,90.50666666666666,2.5714285714285716,0.0742857,Low risk
1,"Seymour, WI",44.5306,-88.4135,4/22/2025,1.2,7.454166666666667,92.7,3,4.498321256038647,1.019047619047619,90.26333333333334,2.7857142857142856,0.10190473743048159,Low risk
1,"Seymour, WI",44.5306,-88.4135,4/23/2025,2.3,11.795833333333334,91.8,2,4.926793478,1.1333333333333333,90.23333333333333,2.9285714285714284,0.11333329268743693,Low risk
1,"Seymour, WI",44.5306,-88.4135,4/24/2025,8.9,11.770833333333334,79.8,0,5.360265700483092,1.4904761904761905,89.81666666666666,2.4285714285714284,0.14904754722237237,Low risk
1,"Seymour, WI",44.5306,-88.4135,4/25/2025,6.3,7.5875,92.7,0,5.581793478260869,1.8761904761904762,89.86333333333333,2.142857142857143,0.18761894033778798,Low risk
1,"Seymour, WI",44.5306,-88.4135,4/26/2025,2.6,8.704166666666667,87.3,0,5.702626811594203,1.957142857142857,89.66666666666667,2,0.1957141650314118,Low risk
1,"Seymour, WI",44.5306,-88.4135,4/27/2025,2.2,9.7375,90,1,5.900543478,2.219047619047619,89.57666666666667,2.0714285714285716,0.2219045983672611,Moderate risk
1,"Seymour, WI",44.5306,-88.4135,4/28/2025,8.2,16.716666666666665,74.4,0,6.4517934782608695,2.819047619047619,88.82333333333334,2.0714285714285716,0.2819044419392478,Moderate risk
1,"Seymour, WI",44.5306,-88.4135,4/29/2025,3.5,12.6,99.5,5,6.864571256038648,3.314285714285714,88.85666666666667,2.142857142857143,0.331428019,Moderate risk
1,"Seymour, WI",44.5306,-88.4135,4/30/2025,1.4,7.441666666666667,86.5,0,7.129987922705314,3.4238095238095236,88.65,2.142857142857143,0.3423802401726268,Moderate risk
1,"Seymour, WI",44.5306,-88.4135,5/1/2025,5.9,7.133333333333333,98.5,1,7.370404589371981,3.6714285714285713,88.74666666666667,2.2142857142857144,0.36714189238941886,High risk
1,"Seymour, WI",44.5306,-88.4135,5/2/2025,5.8,8.570833333333333,96,11,7.572071256038647,4.023809523809524,88.61333333333333,2.7142857142857144,0.4023796116583614,High risk
1,"Seymour, WI",44.5306,-88.4135,5/3/2025,5.1,8.579166666666667,86.5,0,7.679571256038647,4.319047619047619,88.45333333333333,2.0714285714285716,0.43190332375623397,High risk
1,"Seymour, WI",44.5306,-88.4135,5/4/2025,3.5,11.6625,94.6,6,7.9229045893719805,4.066666666666666,88.54666666666667,2.4285714285714284,0.4066648869983336,High risk
1,"Seymour, WI",44.5306,-88.4135,5/5/2025,7.3,12.7875,77.4,0,8.180265700483092,4.104761904761904,88.27333333333333,2.0714285714285716,0.41047407473134323,High risk
1,"Seymour, WI",44.5306,-88.4135,5/6/2025,8.9,17.483333333333334,89.5,0,8.615404589,4.4714285714285715,88.81333333333333,1.8571428571428572,0.44713938287556676,High risk
1,"Seymour, WI",44.5306,-88.4135,5/7/2025,7,13.066666666666666,79.8,0,9.050404589371981,4.8809523809523805,88.47333333333333,1.7142857142857142,0.48808987713766816,High risk
1,"Seymour, WI",44.5306,-88.4135,5/8/2025,2,8.191666666666666,77.1,0,9.346793478260869,4.866666666666666,88.69666666666667,1.7142857142857142,0.48665955064177896,High risk
1,"Seymour, WI",44.5306,-88.4135,5/9/2025,0.2,12.775,85.6,0,9.657626811594202,4.5095238095238095,88.56666666666666,1.7142857142857142,0.4509437511437845,High risk
1,"Seymour, WI",44.5306,-88.4135,5/10/2025,7.6,14.2625,60.9,0,9.986666666666666,4.619047619047619,87.39666666666666,1.7142857142857142,0.46189395305513814,High risk
1,"Seymour, WI",44.5306,-88.4135,5/11/2025,3.6,13.845833333333333,81.4,0,10.230416666666667,4.652380952380953,86.91,1.6428571428571428,0.46522515861653435,High risk
1,"Seymour, WI",44.5306,-88.4135,5/12/2025,8.3,19.254166666666666,75.5,0,10.585833333333333,4.847619047619047,86.25666666666666,1.6428571428571428,0.48474421528650125,High risk
1,"Seymour, WI",44.5306,-88.4135,5/13/2025,12.8,18.958333333333332,90.9,0,10.82,5.4,86.71666666666667,1.2857142857142858,0.5399759998013749,High risk
1,"Seymour, WI",44.5306,-88.4135,5/14/2025,12.4,19.708333333333332,100,8,11.128055555555555,5.880952380952381,87.41666666666667,1.8571428571428572,0.5880558933085427,High risk
1,"Seymour, WI",44.5306,-88.4135,5/15/2025,15.1,19.8125,100,8,11.639861111111111,6.1761904761904765,87.59666666666666,2.357142857142857,0.6175477205998358,High risk
1,"Seymour, WI",44.5306,-88.4135,5/16/2025,12.2,19.025,87.8,2,12.110972222222221,6.457142857142857,88.01666666666667,1.7142857142857142,0.6456064542825708,High risk
1,"Seymour, WI",44.5306,-88.4135,5/17/2025,10.5,13.704166666666667,92.3,1,12.22638888888889,6.833333333333333,88.35333333333334,1.7857142857142858,0.6832020137177361,High risk
1,"Seymour, WI",44.5306,-88.4135,5/18/2025,6.4,10.466666666666667,77.8,0,12.157222222222222,7.033333333333333,87.67999999999999,1.3571428571428572,0.7032194578323888,High risk
1,"Seymour, WI",44.5306,-88.4135,5/19/2025,3.2,7.3875,78.2,0,12.123611111111112,6.795238095238095,87.15,1.3571428571428572,0.6794215659198665,High risk
1,"Seymour, WI",44.5306,-88.4135,5/20/2025,6.1,7.582608695652174,91.8,0,12.162892512077295,6.919047619047619,87.21,1.3571428571428572,0.6917963829856837,High risk
1,"Seymour, WI",44.5306,-88.4135,5/21/2025,6.3,8.620833333333334,97.5,9,12.222892512077294,7.152380952380953,87.12666666666667,2,0.7151097859998905,High risk
1,"Seymour, WI",44.5306,-88.4135,5/22/2025,6,10.166666666666666,89.1,4,12.313309178743962,7.1571428571428575,87.00666666666666,2.2857142857142856,0.7155701979765435,High risk
1,"Seymour, WI",44.5306,-88.4135,5/23/2025,3.8,10.395833333333334,87.3,0,12.266642512077295,7.061904761904762,86.85666666666667,2.2857142857142856,0.7060555728590326,High risk
1,"Seymour, WI",44.5306,-88.4135,5/24/2025,3.4,11.283333333333333,100,7,12.250392512077294,6.980952380952381,87.53,2.7857142857142856,0.6979466352253695,High risk
1,"Seymour, WI",44.5306,-88.4135,5/25/2025,4.4,12.575,97.5,5,12.416642512077294,7.023809523809524,87.69,3.142857142857143,0.7021950857443662,High risk
1,"Seymour, WI",44.5306,-88.4135,5/26/2025,5.6,14.195833333333333,97,5,12.59969806763285,6.942857142857143,88.01333333333334,3.5,0.694051092,High risk
1,"Seymour, WI",44.5306,-88.4135,5/27/2025,10.2,16.1875,80.2,0,12.81469806763285,7.004761904761905,87.68666666666667,3.5,0.7001943522828926,High risk
1,"Seymour, WI",44.5306,-88.4135,5/28/2025,12.5,14.870833333333334,93.2,0,12.753170289855072,7.266666666666667,88.31333333333333,2.9285714285714284,0.7264040768243186,High risk
1,"Seymour, WI",44.5306,-88.4135,5/29/2025,12.2,15.604166666666666,90,5,12.853309178743961,7.752380952380952,87.99666666666667,2.7142857142857144,0.774947677,High risk
1,"Seymour, WI",44.5306,-88.4135,5/30/2025,10.5,15.704166666666667,94.1,2,13.128725845410628,8.242857142857142,88.25,2.7142857142857144,0.8238826790983108,High risk
1,"Seymour, WI",44.5306,-88.4135,5/31/2025,5.7,13.533333333333333,84.3,0,13.34205917874396,8.152380952380952,87.77666666666667,2.642857142857143,0.8147755311731004,High risk
1,"Seymour, WI",44.5306,-88.4135,6/1/2025,3.8,14.104166666666666,90.9,3,13.526503623188406,8.161904761904761,87.60666666666667,2.857142857142857,0.8156313636566012,High risk
1,"Seymour, WI",44.5306,-88.4135,6/2/2025,11.3,19.9625,72.6,0,13.90594806763285,8.304761904761905,87.14333333333333,2.857142857142857,0.8296983537010542,High risk
1,"Seymour, WI",44.5306,-88.4135,6/3/2025,15.3,22.016666666666666,97,0,14.251086956521739,8.423809523809524,87.22333333333333,2.857142857142857,0.8412980646677027,High risk
1,"Seymour, WI",44.5306,-88.4135,6/4/2025,13.3,18.645833333333332,97,11,14.446364734299516,8.466666666666667,87.87666666666667,3,0.8452814389150658,High risk
1,"Seymour, WI",44.5306,-88.4135,6/5/2025,10.2,18.975,92.7,3,14.496086956521738,8.233333333333333,87.98333333333333,2.9285714285714284,0.8219305829742627,High risk
1,"Seymour, WI",44.5306,-88.4135,6/6/2025,13.2,18.0125,86.5,0,14.66094806763285,8.280952380952382,88.20666666666666,2.9285714285714284,0.8264336841486616,High risk
1,"Seymour, WI",44.5306,-88.4135,6/7/2025,14.5,19.15,80.6,0,15.026225845410627,8.471428571428572,88.32333333333334,2.4285714285714284,0.8449326674529599,High risk
1,"Seymour, WI",44.5306,-88.4135,6/8/2025,12.8,16.116666666666667,100,0,15.137614734299516,8.776190476190477,88.80333333333333,2.0714285714285716,0.8751198235094162,High risk
1,"Seymour, WI",44.5306,-88.4135,6/9/2025,11.6,13.775,91.3,1,15.121364734299517,9.176190476190476,89.81666666666666,1.7857142857142858,0.9149150460627675,High risk
1,"Seymour, WI",44.5306,-88.4135,6/10/2025,12.3,15.070833333333333,92.3,4,15.16219806763285,9.471428571428572,90.17999999999999,2.0714285714285716,0.9440547334209706,High risk
1,"Seymour, WI",44.5306,-88.4135,6/11/2025,12.6,20.254166666666666,92.3,5,15.195531400966184,9.771428571428572,90.74,2.4285714285714284,0.9735514574763213,High risk
1,"Seymour, WI",44.5306,-88.4135,6/12/2025,13.4,17.029166666666665,86,0,15.131225845410627,10.123809523809523,90.57666666666667,2.0714285714285716,0.9967181117251274,High risk
1,"Seymour, WI",44.5306,-88.4135,6/13/2025,11,12.329166666666667,95.1,0,14.885253623188406,10.466666666666667,90.41333333333333,1.9285714285714286,0.9974475728437074,High risk
1,"Seymour, WI",44.5306,-88.4135,6/14/2025,11.7,14.808333333333334,92.3,8,14.71844806763285,10.861904761904762,90.15666666666667,2.5,0.9976996094513649,High risk
1,"Seymour, WI",44.5306,-88.4135,6/15/2025,12.3,16.3,89.5,0,14.627614734299517,11.238095238095237,90.21333333333334,2.2857142857142856,0.9979256333695066,High risk
1,"Seymour, WI",44.5306,-88.4135,6/16/2025,12.9,20.25,94.6,3,14.845809178743961,11.585714285714285,90.28999999999999,2.5,0.9973921092556981,High risk
1,"Seymour, WI",44.5306,-88.4135,6/17/2025,19,23.78333333333333,90,2,15.28969806763285,12.004761904761905,90.69666666666666,2.642857142857143,0.9959098358087852,High risk
1,"Seymour, WI",44.5306,-88.4135,6/18/2025,18.1,20.870833333333334,99.5,1,15.739142512077294,12.271428571428572,91.40666666666667,1.9285714285714286,0.9939950008734821,High risk
1,"Seymour, WI",44.5306,-88.4135,6/19/2025,15.8,20.966666666666665,99.5,11,16.185277777777777,12.442857142857143,91.66333333333333,2.5,0.990267116,High risk
1,"Seymour, WI",44.5306,-88.4135,6/20/2025,15.4,22.016666666666666,99.5,10,16.631805555555555,12.676190476190476,91.73,3.2142857142857144,0.9841501245007764,High risk
1,"Seymour, WI",44.5306,-88.4135,6/21/2025,22.6,28.3,84.3,0,17.23625,13.480952380952381,91.57,3.2142857142857144,0.9733126189944825,High risk
1,"Seymour, WI",44.5306,-88.4135,6/22/2025,25.9,30.170833333333334,83.1,0,17.895416666666666,14.533333333333333,91.42999999999999,3.2142857142857144,0.9531686758134081,High risk
1,"Seymour, WI",44.5306,-88.4135,6/23/2025,21.5,26.941666666666666,98,0,18.41736111111111,15.019047619047619,91.36333333333333,3.142857142857143,0.9280677897830274,High risk
1,"Seymour, WI",44.5306,-88.4135,6/24/2025,18.2,21.283333333333335,99.5,11,18.707638888888887,15.157142857142857,91.42999999999999,3.642857142857143,0.9021603328384848,High risk
1,"Seymour, WI",44.5306,-88.4135,6/25/2025,14.4,17.445833333333333,96.5,6,18.81597222222222,15.209523809523809,91.41333333333333,3.7142857142857144,0.8923204225962313,High risk
1,"Seymour, WI",44.5306,-88.4135,6/26/2025,14.3,16.541666666666668,100,8,18.82777777777778,15.404761904761905,92.07333333333334,4.285714285714286,0.8779385584782589,High risk
1,"Seymour, WI",44.5306,-88.4135,6/27/2025,16.3,20.516666666666666,100,11,19.01597222222222,15.552380952380952,92.3,5.071428571428571,0.8412257995871195,High risk
1,"Seymour, WI",44.5306,-88.4135,6/28/2025,15,21.5375,99,3,19.21375,15.576190476190476,92.6,4.714285714285714,0.8210582755231364,High risk
1,"Seymour, WI",44.5306,-88.4135,6/29/2025,19.5,23.004347826086956,100,5,19.457089371980675,15.895238095238096,92.79666666666667,5.071428571428571,0.7748925051763544,High risk
1,"Seymour, WI",44.5306,-88.4135,6/30/2025,18.6,23.070833333333333,100,10,19.775006038647344,16.228571428571428,93.32,5.571428571428571,0.6979175062657822,High risk
1,"Seymour, WI",44.5306,-88.4135,7/1/2025,16.2,23.030434782608697,95.6,4,20.072548309178742,16.414285714285715,93.47666666666666,5.714285714285714,0.6311699753135781,High risk
1,"Seymour, WI",44.5306,-88.4135,7/2/2025,17.6,22.720833333333335,91.8,1,20.16449275362319,16.652380952380952,94.11666666666666,5.714285714285714,0.6010465380627663,High risk
1,"Seymour, WI",44.5306,-88.4135,7/3/2025,17.2,22.258333333333333,98,8,20.172548309178744,16.833333333333332,94.15,5.5,0.6063444839983778,High risk
1,"Seymour, WI",44.5306,-88.4135,7/4/2025,18.4,24.970833333333335,86.9,0,20.383381642512077,17.185714285714287,93.81333333333333,4.785714285714286,0.5915919939028613,High risk
1,"Seymour, WI",44.5306,-88.4135,7/5/2025,22,25.729166666666668,100,1,20.608520531400966,17.676190476190477,94.05666666666667,4.857142857142857,0.5347883489430882,High risk
1,"Seymour, WI",44.5306,-88.4135,7/6/2025,16.6,21.9375,98,11,20.739353864734298,17.88095238095238,94.44,5.642857142857143,0.4697817028083206,High risk
1,"Seymour, WI",44.5306,-88.4135,7/7/2025,12.3,18.916666666666668,88.2,0,20.731576086956522,17.85238095238095,94.69333333333333,5.642857142857143,0.4669838362346612,High risk
1,"Seymour, WI",44.5306,-88.4135,7/8/2025,15,20.975,97.5,1,20.893520531400966,17.66190476190476,94.61,4.928571428571429,0.45810198621541026,High risk
1,"Seymour, WI",44.5306,-88.4135,7/9/2025,17.2,20.020833333333332,100,8,21.10171497584541,17.61904761904762,94.9,5.071428571428571,0.40190615326614365,High risk
1,"Seymour, WI",44.5306,-88.4135,7/10/2025,14,20.633333333333333,99.5,9,21.287131642512076,17.533333333333335,95.14,5.142857142857143,0.35608239269831493,High risk
1,"Seymour, WI",44.5306,-88.4135,7/11/2025,16.9,22.166666666666668,99,3,21.35088164251208,17.604761904761904,95.36333333333333,4.571428571428571,0.3590511675613833,High risk
1,"Seymour, WI",44.5306,-88.4135,7/12/2025,18.2,22.683333333333334,100,10,21.53935386,17.395238095238096,95.83,5.071428571428571,0.297957532,Moderate risk
1,"Seymour, WI",44.5306,-88.4135,7/13/2025,15.2,21.116666666666667,97,5,21.832270531400965,16.885714285714286,95.89333333333333,5.071428571428571,0.24504603407586578,Moderate risk
1,"Seymour, WI",44.5306,-88.4135,7/14/2025,17.3,24.2375,93.2,4,22.14657608695652,16.685714285714287,95.92333333333333,4.642857142857143,0.20709614081087058,Moderate risk
1,"Seymour, WI",44.5306,-88.4135,7/15/2025,20.8,25.558333333333334,98.5,5,22.455187198067634,16.80952380952381,96.22333333333333,4.714285714285714,0.1610296921323134,Low risk
1,"Seymour, WI",44.5306,-88.4135,7/16/2025,13.6,20.808333333333334,99,6,22.473798309178743,16.771428571428572,96.37,5.071428571428571,0.14999345970420702,Low risk
1,"Seymour, WI",44.5306,-88.4135,7/17/2025,12.9,16.5625,96,9,22.23310386,16.704761904761906,96.57,5.142857142857143,0.17622199996549232,Low risk
1,"Seymour, WI",44.5306,-88.4135,7/18/2025,10.1,18.1875,99.5,7,22.143659420289854,16.409523809523808,96.57,5.642857142857143,0.17654113392341847,Low risk
1,"Seymour, WI",44.5306,-88.4135,7/19/2025,17,21.254166666666666,100,8,22.15324275362319,16.504761904761907,96.58666666666667,6.142857142857143,0.16452069535178243,Low risk
1,"Seymour, WI",44.5306,-88.4135,7/20/2025,14,19.983333333333334,97,6,22.08546497584541,16.242857142857144,96.50333333333333,5.785714285714286,0.18173542844818744,Low risk
1,"Seymour, WI",44.5306,-88.4135,7/21/2025,14.1,19.508333333333333,92.7,3,21.792409420289857,16.02857142857143,96.78333333333333,6,0.2155373388748574,Moderate risk
1,"Seymour, WI",44.5306,-88.4135,7/22/2025,14.4,22.395833333333332,100,6,21.53324275362319,15.942857142857143,97.34666666666666,6.357142857142857,0.24033529220552174,Moderate risk
1,"Seymour, WI",44.5306,-88.4135,7/23/2025,19.5,23.545833333333334,100,0,21.420048309178746,16.03333333333333,97.41333333333333,5.785714285714286,0.27554123597933977,Moderate risk
1,"Seymour, WI",44.5306,-88.4135,7/24/2025,20.3,23.420833333333334,100,11,21.491298309178745,16.18095238095238,97.43,5.928571428571429,0.258465329,Moderate risk
1,"Seymour, WI",44.5306,-88.4135,7/25/2025,18.7,22.9625,99.5,10,21.675187198067633,16.195238095238096,97.53,6.428571428571429,0.21373766023923596,Moderate risk
1,"Seymour, WI",44.5306,-88.4135,7/26/2025,16.2,23.3375,93.7,5,21.90171497584541,15.91904761904762,97.32,6.071428571428571,0.19177724390274464,Low risk
1,"Seymour, WI",44.5306,-88.4135,7/27/2025,19.6,26.254166666666666,100,8,22.092964975845412,16.061904761904763,97.32,6.285714285714286,0.16197546644457572,Low risk
1,"Seymour, WI",44.5306,-88.4135,7/28/2025,21.8,26.770833333333332,95.6,6,22.267409420289855,16.514285714285712,97.20666666666666,6.428571428571429,0.14011261841406536,Low risk
1,"Seymour, WI",44.5306,-88.4135,7/29/2025,21.3,25.420833333333334,95.6,4,22.34795893719807,16.814285714285713,97.06,6.357142857142857,0.13399382752672517,Low risk
1,"Seymour, WI",44.5306,-88.4135,7/30/2025,17.6,20.741666666666667,77.8,0,22.27032004830918,16.833333333333332,96.32,5.928571428571429,0.15708631469832374,Low risk
1,"Seymour, WI",44.5306,-88.4135,7/31/2025,12.3,17.8625,81.8,0,22.098055555555554,16.752380952380953,95.86,5.285714285714286,0.19851298313159532,Low risk
1,"Seymour, WI",44.5306,-88.4135,8/1/2025,10.1,17.654166666666665,97,4,21.929166666666667,16.428571428571427,96.03333333333333,5.071428571428571,0.22760364505208042,Moderate risk
1,"Seymour, WI",44.5306,-88.4135,8/2/2025,11.8,19.3125,96,6,21.830972222222222,16.123809523809523,95.96666666666667,4.928571428571429,0.2484776757756737,Moderate risk
1,"Seymour, WI",44.5306,-88.4135,8/3/2025,12.1,19.7625,100,8,21.65736111111111,15.976190476190476,96.40333333333334,5.071428571428571,0.26857514295569423,Moderate risk
1,"Seymour, WI",44.5306,-88.4135,8/4/2025,13.3,20.216666666666665,99,6,21.47361111111111,15.785714285714286,96.37,5.285714285714286,0.2957946884185726,Moderate risk
1,"Seymour, WI",44.5306,-88.4135,8/5/2025,14.7,21.4125,100,5,21.45611111111111,15.495238095238095,96.43666666666667,5.214285714285714,0.3004370549651362,Moderate risk
1,"Seymour, WI",44.5306,-88.4135,8/6/2025,15.8,22.083333333333332,95.6,4,21.561666666666667,15.6,96.68333333333334,5.5,0.26877225522846077,Moderate risk
1,"Seymour, WI",44.5306,-88.4135,8/7/2025,17.2,24.391666666666666,95.1,5,21.675555555555555,15.804761904761905,96.60333333333334,5.071428571428571,0.26280836040127026,Moderate risk
1,"Seymour, WI",44.5306,-88.4135,8/8/2025,20.2,26.420833333333334,100,7,21.88888888888889,16.285714285714285,96.60333333333334,4.857142857142857,0.23344996875325316,Moderate risk
1,"Seymour, WI",44.5306,-88.4135,8/9/2025,20,24.270833333333332,100,0,22.01013888888889,16.428571428571427,96.62,4.5,0.22435046496078598,Moderate risk
1,"Seymour, WI",44.5306,-88.4135,8/10/2025,19.6,22.1875,100,11,22.010833333333334,16.695238095238096,96.65333333333334,4.714285714285714,0.21783749259329777,Moderate risk
1,"Seymour, WI",44.5306,-88.4135,8/11/2025,19.6,23.482608695652175,100,9,22.03747584541063,16.95714285714286,96.65333333333334,4.928571428571429,0.20799929310667895,Moderate risk
1,"Seymour, WI",44.5306,-88.4135,8/12/2025,18.5,23.120833333333334,97,9,22.104281400966183,17.152380952380952,96.65333333333334,5.285714285714286,0.18934301026815728,Low risk
1,"Seymour, WI",44.5306,-88.4135,8/13/2025,15,21.241666666666667,99.5,8,22.004420289855073,16.93809523809524,96.86333333333333,5.857142857142857,0.18737436990701256,Low risk
1,"Seymour, WI",44.5306,-88.4135,8/14/2025,16.8,21.916666666666668,98,7,21.883031400966182,16.771428571428572,96.84666666666666,6.357142857142857,0.19293483439585496,Low risk
1,"Seymour, WI",44.5306,-88.4135,8/15/2025,19.1,24.479166666666668,83.1,0,22.005392512077293,16.79047619047619,96.31666666666666,6.071428571428571,0.18821302980721233,Low risk
1,"Seymour, WI",44.5306,-88.4135,8/16/2025,18.6,21.258333333333333,100,4,22.161920289855072,16.904761904761905,96.45,5.928571428571429,0.1691892116118542,Low risk
1,"Seymour, WI",44.5306,-88.4135,8/17/2025,15.3,19.016666666666666,100,9,22.189559178743963,16.7,96.46666666666667,6,0.16408638050225022,Low risk
1,"Seymour, WI",44.5306,-88.4135,8/18/2025,16.9,17.383333333333333,100,4,22.060531400966184,16.46666666666667,96.46666666666667,5.857142857142857,0.18387172520991665,Low risk
1,"Seymour, WI",44.5306,-88.4135,8/19/2025,16.7,20.4125,100,11,22.07483695652174,16.247619047619047,96.56666666666666,6.285714285714286,0.17170448469228833,Low risk
1,"Seymour, WI",44.5306,-88.4135,8/20/2025,17.5,19.620833333333334,100,10,22.07858695652174,16.242857142857144,96.81,6.714285714285714,0.16029740636784723,Low risk
1,"Seymour, WI",44.5306,-88.4135,8/21/2025,14.7,19.404166666666665,100,8,21.978864734299517,16.357142857142858,96.81,6.928571428571429,0.1685626551368794,Low risk
1,"Seymour, WI",44.5306,-88.4135,8/22/2025,14.4,20.683333333333334,100,10,21.883448067632852,16.561904761904763,96.81,7.142857142857143,0.17667558013687787,Low risk
1,"Seymour, WI",44.5306,-88.4135,8/23/2025,13.5,19.395833333333332,99,5,21.749281400966183,16.642857142857142,96.77666666666667,7.5,0.18800899713374702,Low risk
1,"Seymour, WI",44.5306,-88.4135,8/24/2025,11.1,15.308333333333334,98.5,5,21.494142512077296,16.595238095238095,96.74333333333334,7.071428571428571,0.23618415105113777,Moderate risk
1,"Seymour, WI",44.5306,-88.4135,8/25/2025,8.8,13.758333333333333,100,8,21.174836956521737,16.38095238095238,96.95333333333333,7,0.2907181495919796,Moderate risk
1,"Seymour, WI",44.5306,-88.4135,8/26/2025,7,14.275,96,4,20.775531400966184,16.014285714285716,96.82,6.642857142857143,0.384408467,High risk
1,"Seymour, WI",44.5306,-88.4135,8/27/2025,7.6,16.516666666666666,99,6,20.433725845410628,15.623809523809523,96.93333333333334,6.5,0.46264364121500817,High risk
1,"Seymour, WI",44.5306,-88.4135,8/28/2025,11.8,16.766666666666666,100,6,20.145253623188406,15.366666666666667,97.08,6.428571428571429,0.5276284774605507,High risk
1,"Seymour, WI",44.5306,-88.4135,8/29/2025,6.4,13.125,97.5,4,19.89136473429952,14.70952380952381,97.73666666666666,6.714285714285714,0.5623851427817437,High risk
1,"Seymour, WI",44.5306,-88.4135,8/30/2025,7.5,15.0375,100,10,19.79719806763285,14.114285714285714,98.34333333333333,7.142857142857143,0.5571605453737409,High risk
1,"Seymour, WI",44.5306,-88.4135,8/31/2025,8.2,16.6125,97.5,8,19.762475845410627,13.571428571428571,98.36,7.071428571428571,0.567146223,High risk
1,"Seymour, WI",44.5306,-88.4135,9/1/2025,9.7,17.333333333333332,96.5,7,19.696503623188406,13.1,98.37666666666667,7.285714285714286,0.5737748294924057,High risk
1,"Seymour, WI",44.5306,-88.4135,9/2/2025,11.3,18.216666666666665,99,8,19.644975845410627,12.757142857142858,98.34333333333333,7.071428571428571,0.5932669498170311,High risk
1,"Seymour, WI",44.5306,-88.4135,9/3/2025,7.1,15.45,96,3,19.48608695652174,12.380952380952381,98.24333333333334,6.571428571428571,0.6456953001436574,High risk
1,"Seymour, WI",44.5306,-88.4135,9/4/2025,4,10.254166666666666,100,9,19.114142512077294,11.771428571428572,98.24333333333334,6.642857142857143,0.7161141434830911,High risk
1,"Seymour, WI",44.5306,-88.4135,9/5/2025,8.5,11.929166666666667,84.7,0,18.77567028985507,11.266666666666667,97.88,5.928571428571429,0.7949762909670701,High risk
1,"Seymour, WI",44.5306,-88.4135,9/6/2025,8.3,11.325,97,3,18.340114734299515,10.776190476190477,97.94333333333333,5.785714285714286,0.8531732776685074,High risk
1,"Seymour, WI",44.5306,-88.4135,9/7/2025,4.6,10.3875,100,5,17.805670289855072,10.266666666666666,97.94333333333333,5.785714285714286,0.9037643417130892,High risk
1,"Seymour, WI",44.5306,-88.4135,9/8/2025,4.7,13.529166666666667,98.5,9,17.447614734299517,9.685714285714285,97.89333333333333,5.857142857142857,0.8988793843358363,High risk
1,"Seymour, WI",44.5306,-88.4135,9/9/2025,11.4,17.608333333333334,81,0,17.29497584541063,9.433333333333334,97.26,5.571428571428571,0.8883380927706852,High risk
1,"Seymour, WI",44.5306,-88.4135,9/10/2025,13.8,17.4625,96.5,3,17.094305555555554,9.257142857142858,97.14333333333333,5.357142857142857,0.8817451848062431,High risk
1,"Seymour, WI",44.5306,-88.4135,9/11/2025,11.8,16.241666666666667,100,11,16.865,9.119047619047619,97.24333333333334,5.714285714285714,0.8745391128432887,High risk
1,"Seymour, WI",44.5306,-88.4135,9/12/2025,10.2,17.025,100,11,16.724444444444444,8.919047619,97.26,6.214285714285714,0.8574279645680722,High risk
1,"Seymour, WI",44.5306,-88.4135,9/13/2025,15.9,19.479166666666668,100,7,16.643194444444443,9.033333333333333,97.32666666666667,6,0.8715034057022171,High risk
1,"Seymour, WI",44.5306,-88.4135,9/14/2025,13.9,19.791666666666668,100,11,16.486944444444443,9.166666666666666,97.89,6.214285714285714,0.8864183635744585,High risk
1,"Seymour, WI",44.5306,-88.4135,9/15/2025,13.7,20.3125,98,5,16.455416666666668,9.4,97.82333333333334,6.071428571428571,0.9105010605776351,High risk
1,"Seymour, WI",44.5306,-88.4135,9/16/2025,13,20.625,97.5,6,16.509027777777778,9.685714285714285,97.74,5.928571428571429,0.9374710850853611,High risk
1,"Seymour, WI",44.5306,-88.4135,9/17/2025,15.3,22.195833333333333,92.7,4,16.669444444444444,10.052380952380952,97.49666666666667,6,0.9634712881584867,High risk
1,"Seymour, WI",44.5306,-88.4135,9/18/2025,17.5,20.270833333333332,94.6,6,16.66472222222222,10.323809523809524,97.31666666666666,5.785714285714286,0.965055178,High risk
1,"Seymour, WI",44.5306,-88.4135,9/19/2025,16.2,18.6375,96.5,11,16.631944444444443,10.790476190476191,97.2,6.571428571428571,0.9627614968616791,High risk
1,"Seymour, WI",44.5306,-88.4135,9/20/2025,16.3,17.791666666666668,100,11,16.578194444444446,11.209523809523809,97.2,7.142857142857143,0.961465483,High risk
1,"Seymour, WI",44.5306,-88.4135,9/21/2025,16.5,19.582608695652173,100,11,16.541503623188405,11.604761904761904,97.2,7.571428571428571,0.9601819605058675,High risk
1,"Seymour, WI",44.5306,-88.4135,9/22/2025,16.1,18.070833333333333,100,10,16.49733695652174,11.90952380952381,97.23333333333333,7.642857142857143,0.9611721254561696,High risk
1,"Seymour, WI",44.5306,-88.4135,9/23/2025,15.4,17.820833333333333,100,11,16.581086956521737,12.104761904761904,97.28333333333333,8.428571428571429,0.9524614241979593,High risk
1,"Seymour, WI",44.5306,-88.4135,9/24/2025,13.6,16.1875,98,11,16.66205917874396,12.414285714285715,97.21666666666667,9,0.9439974761808037,High risk
1,"Seymour, WI",44.5306,-88.4135,9/25/2025,11.3,16.9375,100,11,16.75080917874396,12.761904761904763,97.35,9,0.9392254451465419,High risk
1,"Seymour, WI",44.5306,-88.4135,9/26/2025,10.5,15.404166666666667,100,5,16.71372584541063,12.857142857142858,97.38333333333334,8.571428571428571,0.94516204,High risk
1,"Seymour, WI",44.5306,-88.4135,9/27/2025,8.5,16.645833333333332,100,10,16.70969806763285,12.866666666666667,97.38333333333334,8.785714285714286,0.9433344547233624,High risk
1,"Seymour, WI",44.5306,-88.4135,9/28/2025,6.5,14.7625,96,4,16.764281400966183,12.957142857142857,97.33333333333333,8.285714285714286,0.9455358012814241,High risk
1,"Seymour, WI",44.5306,-88.4135,9/29/2025,7.5,17.333333333333332,100,7,16.84080917874396,13.09047619047619,97.33333333333333,8.428571428571429,0.9404952030660152,High risk
1,"Seymour, WI",44.5306,-88.4135,9/30/2025,13.2,18.420833333333334,100,8,16.901086956521738,13.176190476190476,97.41666666666667,8.571428571428571,0.9356056495108194,High risk
1,"Seymour, WI",44.5306,-88.4135,10/1/2025,13.7,17.525,100,9,16.907475845410627,13.17142857142857,97.53333333333333,8.928571428571429,0.9308709436755129,High risk
1,"Seymour, WI",44.5306,-88.4135,10/2/2025,12.7,18.420833333333334,100,9,16.914281400966182,13.214285714285714,97.56666666666666,9.142857142857142,0.9277846712616118,High risk
1,"Seymour, WI",44.5306,-88.4135,10/3/2025,15.1,21.795833333333334,90,3,17.12580917874396,13.447619047619048,97.36666666666666,8.571428571428571,0.9224794993487675,High risk
1,"Seymour, WI",44.5306,-88.4135,10/4/2025,16.7,22.95,92.3,5,17.549003623188405,13.485714285714286,97.11,8.142857142857142,0.8988401483230016,High risk
1,"Seymour, WI",44.5306,-88.4135,10/5/2025,18,22.229166666666668,74.8,0,17.89233695652174,13.68095238095238,96.78,7.357142857142857,0.8833791056392635,High risk
1,"Seymour, WI",44.5306,-88.4135,10/6/2025,12.2,15.354166666666666,100,3,18.026642512077295,13.60952380952381,96.88,6.857142857142857,0.878085228,High risk
1,"Seymour, WI",44.5306,-88.4135,10/7/2025,7.9,12.758333333333333,100,11,18.105670289855073,13.366666666666667,96.88,6.857142857142857,0.8702382863006282,High risk
1,"Seymour, WI",44.5306,-88.4135,10/8/2025,1.7,7.770833333333333,91.8,0,17.913725845410628,12.719047619047618,96.65666666666667,6.071428571428571,0.9008394700430684,High risk
1,"Seymour, WI",44.5306,-88.4135,10/9/2025,1.3,9.108333333333334,93.7,5,17.630392512077293,11.947619047619048,97.08,5.642857142857143,0.9231563603566353,High risk
1,"Seymour, WI",44.5306,-88.4135,10/10/2025,7.3,13.358333333333334,80.6,0,17.49358695652174,11.523809523809524,96.55,5.285714285714286,0.9368722805072971,High risk
1,"Seymour, WI",44.5306,-88.4135,10/11/2025,4.5,10.0625,89.5,0,17.287614734299517,10.961904761904762,96.2,4.571428571428571,0.952453345,High risk
1,"Seymour, WI",44.5306,-88.4135,10/12/2025,11.7,14.1375,84.7,0,17.191364734299516,10.733333333333333,95.69,4.285714285714286,0.9593355304872966,High risk
1,"Seymour, WI",44.5306,-88.4135,10/13/2025,9.4,14.5625,94.6,1,17.027475845410628,10.414285714285715,95.51,3.857142857142857,0.9667811813228708,High risk
1,"Seymour, WI",44.5306,-88.4135,10/14/2025,6.5,9.779166666666667,96.5,0,16.69372584541063,9.99047619,95.39333333333333,3.2857142857142856,0.9758308114223129,High risk
1,"Seymour, WI",44.5306,-88.4135,10/15/2025,7.6,10.008333333333333,99.5,11,16.350253623188404,9.704761904761904,95.44333333333333,3.4285714285714284,0.9534997988618503,High risk
1,"Seymour, WI",44.5306,-88.4135,10/16/2025,5.3,11.0875,99.5,7,16.03233695652174,9.419047619,95.51,3.2857142857142856,0.9295513253696605,High risk
1,"Seymour, WI",44.5306,-88.4135,10/17/2025,12.7,17.925,91.8,2,15.889975845410628,9.523809523809524,95.48,3.2142857142857144,0.9414747213121896,High risk
1,"Seymour, WI",44.5306,-88.4135,10/18/2025,14.5,18.270833333333332,100,3,15.823309178743962,9.809523809523808,95.66,3.0714285714285716,0.9703085564868388,High risk
1,"Seymour, WI",44.5306,-88.4135,10/19/2025,4.3,10.295833333333334,90.4,0,15.545253623188406,9.704761904761904,95.45666666666666,3.0714285714285716,0.9624186257001351,High risk
1,"Seymour, WI",44.5306,-88.4135,10/20/2025,0.8,9.6125,93.7,5,15.272614734299516,9.385714285714286,95.24666666666667,3.2142857142857144,0.9325100102081623,High risk
1,"Seymour, WI",44.5306,-88.4135,10/21/2025,5,7.2125,92.7,3,14.860277777777778,8.995238095238095,95.00333333333333,2.642857142857143,0.8957924765001293,High risk
1,"Seymour, WI",44.5306,-88.4135,10/22/2025,4.1,7.179166666666666,91.8,5,14.497222222222222,8.538095238095238,94.73,3,0.8512420198771457,High risk
1,"Seymour, WI",44.5306,-88.4135,10/23/2025,2.3,5.258333333333333,98,7,14.078472222222222,8.042857142857143,94.66333333333333,3.142857142857143,0.8026135339376512,High risk
1,"Seymour, WI",44.5306,-88.4135,10/24/2025,-1.1,3.525,97,5,13.65638888888889,7.271428571428571,94.63,3.5,0.7260750187348682,High risk
1,"Seymour, WI",44.5306,-88.4135,10/25/2025,-0.7,4.7,97.5,9,13.248472222222222,6.442857142857143,94.54666666666667,4.142857142857143,0.6435887528133437,High risk
1,"Seymour, WI",44.5306,-88.4135,10/26/2025,-0.7,5.920833333333333,100,11,12.932361111111112,5.552380952380952,94.54666666666667,4.928571428571429,0.554740997,High risk
1,"Seymour, WI",44.5306,-88.4135,10/27/2025,0.5,5.333333333333333,100,9,12.555277777777778,4.995238095238095,94.54666666666667,5.5,0.49917987589159896,High risk
1,"Seymour, WI",44.5306,-88.4135,10/28/2025,1.9,7.095833333333333,100,9,12.299722222222222,4.70952381,94.68,6.142857142857143,0.47066663293036737,High risk
1,"Seymour, WI",44.5306,-88.4135,10/29/2025,1.4,6.983333333333333,100,6,11.954722222222223,4.695238095238095,94.68,5.785714285714286,0.4693259813550446,High risk
1,"Seymour, WI",44.5306,-88.4135,10/30/2025,-0.4,5.325,100,10,11.518194444444445,4.614285714285714,94.68,6,0.46129326090496764,High risk
1,"Seymour, WI",44.5306,-88.4135,10/31/2025,2.8,6.641666666666667,88.6,0,11.155416666666667,4.3999999999999995,94.3,5.857142857142857,0.4399113695512475,High risk
1,"Seymour, WI",44.5306,-88.4135,11/1/2025,0.5,5.478260869565218,86.5,0,10.723997584541063,4.20952381,93.85,5.642857142857143,0.4208984840512898,High risk
