=== Crop Risk Tool - White mold model ===,,,,,,,,,,,,,,
Generated: 2026-04-07 09:35:34.490405,,,,,,,,,,,,,,
Host: connect.doit.wisc.edu,,,,,,,,,,,,,,
,,,,,,,,,,,,,,
=== Site list ===,,,,,,,,,,,,,,
id,name,lat,lng,grid_id,grid_lat,grid_lng,time_zone,date_min,date_max,time_min,time_max,days_expected,days_actual,days_missing
1,"Seymour, WI",44.5306,-88.4135,dpcj7vzzrekrc,44.54945055,-88.41798444,America/Chicago,4/1/2025,11/1/2025,4/1/2025 0:20,11/1/2025 23:20,215,215,0
,,,,,,,,,,,,,,
=== Model data ===,,,,,,,,,,,,,,
id,name,lat,lng,date,temperature_min_c,temperature_max_c,relative_humidity_max_percent,wind_speed_max_kmh,temperature_max_30day_c,temperature_min_21day_c,wind_speed_max_30day_kmh,relative_humidity_max_30day_percent,probability,risk
1,"Seymour, WI",44.5306,-88.4135,4/1/2025,-4.6,4,95.6,22.3,7.413333333,-2.271428571,24.13,88.91333333,0,Very low risk
1,"Seymour, WI",44.5306,-88.4135,4/2/2025,-0.1,6.9,100,27.4,7.383333333,-2.204761905,24.48,89.32,0,Very low risk
1,"Seymour, WI",44.5306,-88.4135,4/3/2025,1.4,7.8,91.3,34.2,7.37,-2.019047619,25.14,89.03,0,Very low risk
1,"Seymour, WI",44.5306,-88.4135,4/4/2025,-1.8,9.1,91.8,14.4,7.57,-2.242857143,24.49333333,88.75666667,0,Very low risk
1,"Seymour, WI",44.5306,-88.4135,4/5/2025,0.9,8.8,85.6,24.5,7.783333333,-2.280952381,24.56666667,88.99,0,Very low risk
1,"Seymour, WI",44.5306,-88.4135,4/6/2025,-3.3,11,73.3,24.1,7.986666667,-2.29047619,24.73333333,88.24666667,0,Very low risk
1,"Seymour, WI",44.5306,-88.4135,4/7/2025,-4.4,6.4,90,33.1,7.966666667,-2.242857143,25.14,88.40666667,0,Very low risk
1,"Seymour, WI",44.5306,-88.4135,4/8/2025,-6.9,5.5,70.4,17.3,7.65,-2.685714286,24.91333333,87.78333333,0,Very low risk
1,"Seymour, WI",44.5306,-88.4135,4/9/2025,-0.9,8.7,89.5,16.9,7.313333333,-2.69047619,24.54,87.66,0,Very low risk
1,"Seymour, WI",44.5306,-88.4135,4/10/2025,0.7,8.4,96,15.5,7.333333333,-2.495238095,24.20333333,88.18666667,0,Very low risk
1,"Seymour, WI",44.5306,-88.4135,4/11/2025,-1.6,14.2,96,11.5,7.52,-2.476190476,23.91333333,88.64666667,0,Very low risk
1,"Seymour, WI",44.5306,-88.4135,4/12/2025,-1.1,16.4,95.1,18.4,7.57,-2.314285714,23.97333333,88.90666667,0,Very low risk
1,"Seymour, WI",44.5306,-88.4135,4/13/2025,8.8,17.5,77.1,27.4,7.493333333,-1.742857143,23.96333333,89.14,0,Very low risk
1,"Seymour, WI",44.5306,-88.4135,4/14/2025,6.5,13.6,79,40,7.42,-1.238095238,24.20333333,88.79,0,Very low risk
1,"Seymour, WI",44.5306,-88.4135,4/15/2025,1.2,8.5,94.6,34.2,7.576666667,-0.852380952,24.51666667,89.12,0,Very low risk
1,"Seymour, WI",44.5306,-88.4135,4/16/2025,-1.6,10.7,75.2,16.2,7.583333333,-0.604761905,23.97666667,88.98,0,Very low risk
1,"Seymour, WI",44.5306,-88.4135,4/17/2025,2.3,17.5,82.2,30.6,7.826666667,-0.39047619,24.06,89.19,0,Very low risk
1,"Seymour, WI",44.5306,-88.4135,4/18/2025,7.7,18.7,98,19.8,8.346666667,-0.076190476,23.41333333,89.22333333,0,Very low risk
1,"Seymour, WI",44.5306,-88.4135,4/19/2025,5.3,13.2,94.1,19.8,8.686666667,0.195238095,23.21,89.37666667,0.019457028,Low risk
1,"Seymour, WI",44.5306,-88.4135,4/20/2025,2.9,11.4,90,24.5,8.706666667,0.385714286,23.27,89.86,0.038440557,Low risk
1,"Seymour, WI",44.5306,-88.4135,4/21/2025,4.2,9.3,100,33.1,8.936666667,0.742857143,23.7,90.50666667,0.073970874,Low risk
1,"Seymour, WI",44.5306,-88.4135,4/22/2025,1.2,12.2,92.7,15.1,9.246666667,1.019047619,23.31666667,90.26333333,0.101392399,Low risk
1,"Seymour, WI",44.5306,-88.4135,4/23/2025,2.3,21.1,91.8,18.4,9.916666667,1.133333333,22.88666667,90.23333333,0.11245859,Low risk
1,"Seymour, WI",44.5306,-88.4135,4/24/2025,8.9,14.2,79.8,20.2,10.24333333,1.49047619,22.84,89.81666667,0.147525084,Low risk
1,"Seymour, WI",44.5306,-88.4135,4/25/2025,6.3,9.3,92.7,22.7,10.28666667,1.876190476,23.19,89.86333333,0.18549089,Low risk
1,"Seymour, WI",44.5306,-88.4135,4/26/2025,2.6,14.6,87.3,20.5,10.36,1.957142857,23.37,89.66666667,0.19323148,Low risk
1,"Seymour, WI",44.5306,-88.4135,4/27/2025,2.2,15.8,90,19.4,10.63666667,2.219047619,23.11666667,89.57666667,0.218567863,Moderate risk
1,"Seymour, WI",44.5306,-88.4135,4/28/2025,8.2,24.8,74.4,32,11.42333333,2.819047619,23.28333333,88.82333333,0.273328655,Moderate risk
1,"Seymour, WI",44.5306,-88.4135,4/29/2025,3.5,17,99.5,34.2,11.97,3.314285714,23.57,88.85666667,0.31547822,Moderate risk
1,"Seymour, WI",44.5306,-88.4135,4/30/2025,1.4,14.5,86.5,18,12.37,3.423809524,23.52333333,88.65,0.320357836,Moderate risk
1,"Seymour, WI",44.5306,-88.4135,5/1/2025,5.9,8.4,98.5,21.6,12.51666667,3.671428571,23.5,88.74666667,0.341338706,Moderate risk
1,"Seymour, WI",44.5306,-88.4135,5/2/2025,5.8,11.3,96,11.9,12.66333333,4.023809524,22.98333333,88.61333333,0.373566457,High risk
1,"Seymour, WI",44.5306,-88.4135,5/3/2025,5.1,13.3,86.5,12.6,12.84666667,4.319047619,22.26333333,88.45333333,0.400640906,High risk
1,"Seymour, WI",44.5306,-88.4135,5/4/2025,3.5,18.5,94.6,24.8,13.16,4.066666667,22.61,88.54666667,0.368716558,High risk
1,"Seymour, WI",44.5306,-88.4135,5/5/2025,7.3,17.8,77.4,19.4,13.46,4.104761905,22.44,88.27333333,0.364934754,High risk
1,"Seymour, WI",44.5306,-88.4135,5/6/2025,8.9,25.9,89.5,17.3,13.95666667,4.471428571,22.21333333,88.81333333,0.385990708,High risk
1,"Seymour, WI",44.5306,-88.4135,5/7/2025,7,17,79.8,26.3,14.31,4.880952381,21.98666667,88.47333333,0.409436437,High risk
1,"Seymour, WI",44.5306,-88.4135,5/8/2025,2,13.9,77.1,21.2,14.59,4.866666667,22.11666667,88.69666667,0.39761597,High risk
1,"Seymour, WI",44.5306,-88.4135,5/9/2025,0.2,23.2,85.6,16.6,15.07333333,4.50952381,22.10666667,88.56666667,0.35178922,High risk
1,"Seymour, WI",44.5306,-88.4135,5/10/2025,7.6,19.3,60.9,25.2,15.43666667,4.619047619,22.43,87.39666667,0.342263939,Moderate risk
1,"Seymour, WI",44.5306,-88.4135,5/11/2025,3.6,22.8,81.4,22,15.72333333,4.652380952,22.78,86.91,0.33284603,Moderate risk
1,"Seymour, WI",44.5306,-88.4135,5/12/2025,8.3,28,75.5,18.7,16.11,4.847619048,22.79,86.25666667,0.335914029,Moderate risk
1,"Seymour, WI",44.5306,-88.4135,5/13/2025,12.8,24.1,90.9,18.4,16.33,5.4,22.49,86.71666667,0.372178918,High risk
1,"Seymour, WI",44.5306,-88.4135,5/14/2025,12.4,26.5,100,18,16.76,5.880952381,21.75666667,87.41666667,0.402031288,High risk
1,"Seymour, WI",44.5306,-88.4135,5/15/2025,15.1,26.2,100,31,17.35,6.176190476,21.65,87.59666667,0.410053828,High risk
1,"Seymour, WI",44.5306,-88.4135,5/16/2025,12.2,27,87.8,36.4,17.89333333,6.457142857,22.32333333,88.01666667,0.412742004,High risk
1,"Seymour, WI",44.5306,-88.4135,5/17/2025,10.5,16.7,92.3,26.6,17.86666667,6.833333333,22.19,88.35333333,0.438879526,High risk
1,"Seymour, WI",44.5306,-88.4135,5/18/2025,6.4,13.5,77.8,20.2,17.69333333,7.033333333,22.20333333,87.68,0.454614442,High risk
1,"Seymour, WI",44.5306,-88.4135,5/19/2025,3.2,11.7,78.2,27,17.64333333,6.795238095,22.44333333,87.15,0.437620222,High risk
1,"Seymour, WI",44.5306,-88.4135,5/20/2025,6.1,9,91.8,32.8,17.56333333,6.919047619,22.72,87.21,0.444912923,High risk
1,"Seymour, WI",44.5306,-88.4135,5/21/2025,6.3,12.2,97.5,24.8,17.66,7.152380952,22.44333333,87.12666667,0.460228867,High risk
1,"Seymour, WI",44.5306,-88.4135,5/22/2025,6,14.6,89.1,27,17.74,7.157142857,22.84,87.00666667,0.454957841,High risk
1,"Seymour, WI",44.5306,-88.4135,5/23/2025,3.8,16.6,87.3,19.8,17.59,7.061904762,22.88666667,86.85666667,0.451578923,High risk
1,"Seymour, WI",44.5306,-88.4135,5/24/2025,3.4,17.2,100,9.7,17.69,6.980952381,22.53666667,87.53,0.448157876,High risk
1,"Seymour, WI",44.5306,-88.4135,5/25/2025,4.4,18.8,97.5,15.5,18.00666667,7.023809524,22.29666667,87.69,0.446472299,High risk
1,"Seymour, WI",44.5306,-88.4135,5/26/2025,5.6,21,97,15.1,18.22,6.942857143,22.11666667,88.01333333,0.438802896,High risk
1,"Seymour, WI",44.5306,-88.4135,5/27/2025,10.2,21.3,80.2,19.8,18.40333333,7.004761905,22.13,87.68666667,0.438527557,High risk
1,"Seymour, WI",44.5306,-88.4135,5/28/2025,12.5,18.7,93.2,15.1,18.2,7.266666667,21.56666667,88.31333333,0.465059851,High risk
1,"Seymour, WI",44.5306,-88.4135,5/29/2025,12.2,19.8,90,12.2,18.29333333,7.752380952,20.83333333,87.99666667,0.500432616,High risk
1,"Seymour, WI",44.5306,-88.4135,5/30/2025,10.5,21.4,94.1,17.6,18.52333333,8.242857143,20.82,88.25,0.527203975,High risk
1,"Seymour, WI",44.5306,-88.4135,5/31/2025,5.7,22.3,84.3,15.1,18.98666667,8.152380952,20.60333333,87.77666667,0.512739025,High risk
1,"Seymour, WI",44.5306,-88.4135,6/1/2025,3.8,23,90.9,12.6,19.37666667,8.161904762,20.62666667,87.60666667,0.504119437,High risk
1,"Seymour, WI",44.5306,-88.4135,6/2/2025,11.3,28.2,72.6,24.1,19.87333333,8.304761905,21.01,87.14333333,0.495596324,High risk
1,"Seymour, WI",44.5306,-88.4135,6/3/2025,15.3,27.4,97,25.6,20.17,8.423809524,21.03666667,87.22333333,0.493771664,High risk
1,"Seymour, WI",44.5306,-88.4135,6/4/2025,13.3,24.8,97,13,20.40333333,8.466666667,20.82333333,87.87666667,0.492236506,High risk
1,"Seymour, WI",44.5306,-88.4135,6/5/2025,10.2,25.8,92.7,9.7,20.4,8.233333333,20.57,87.98333333,0.482272334,High risk
1,"Seymour, WI",44.5306,-88.4135,6/6/2025,13.2,22.1,86.5,13.3,20.57,8.280952381,20.13666667,88.20666667,0.485776627,High risk
1,"Seymour, WI",44.5306,-88.4135,6/7/2025,14.5,25.3,80.6,18,20.95,8.471428571,20.03,88.32333333,0.486080142,High risk
1,"Seymour, WI",44.5306,-88.4135,6/8/2025,12.8,20.5,100,16.9,20.86,8.776190476,20.04,88.80333333,0.506664217,High risk
1,"Seymour, WI",44.5306,-88.4135,6/9/2025,11.6,15.3,91.3,21.2,20.72666667,9.176190476,19.90666667,89.81666667,0.536725184,High risk
1,"Seymour, WI",44.5306,-88.4135,6/10/2025,12.3,17.9,92.3,18.4,20.56333333,9.471428571,19.78666667,90.18,0.561554052,High risk
1,"Seymour, WI",44.5306,-88.4135,6/11/2025,12.6,27.4,92.3,19.1,20.54333333,9.771428571,19.8,90.74,0.580028024,High risk
1,"Seymour, WI",44.5306,-88.4135,6/12/2025,13.4,20.1,86,21.2,20.41,10.12380952,19.89333333,90.57666667,0.596820554,High risk
1,"Seymour, WI",44.5306,-88.4135,6/13/2025,11,14.1,95.1,24.1,19.99666667,10.46666667,20.09666667,90.41333333,0.607569706,High risk
1,"Seymour, WI",44.5306,-88.4135,6/14/2025,11.7,21.1,92.3,21.6,19.82666667,10.86190476,19.78333333,90.15666667,0.616886949,High risk
1,"Seymour, WI",44.5306,-88.4135,6/15/2025,12.3,20.6,89.5,14,19.61333333,11.23809524,19.03666667,90.21333333,0.631841147,High risk
1,"Seymour, WI",44.5306,-88.4135,6/16/2025,12.9,25.4,94.6,18.7,19.90333333,11.58571429,18.77333333,90.29,0.626821887,High risk
1,"Seymour, WI",44.5306,-88.4135,6/17/2025,19,27.9,90,19.8,20.38333333,12.0047619,18.76,90.69666667,0.613205145,High risk
1,"Seymour, WI",44.5306,-88.4135,6/18/2025,18.1,24.8,99.5,6.8,20.82,12.27142857,18.08666667,91.40666667,0.607980687,High risk
1,"Seymour, WI",44.5306,-88.4135,6/19/2025,15.8,27.2,99.5,20.2,21.42666667,12.44285714,17.66666667,91.66333333,0.591996236,High risk
1,"Seymour, WI",44.5306,-88.4135,6/20/2025,15.4,28,99.5,18.7,21.95333333,12.67619048,17.46333333,91.73,0.572914147,High risk
1,"Seymour, WI",44.5306,-88.4135,6/21/2025,22.6,33.2,84.3,31.3,22.57333333,13.48095238,17.60666667,91.57,0.538881996,High risk
1,"Seymour, WI",44.5306,-88.4135,6/22/2025,25.9,34.5,83.1,28.1,23.17,14.53333333,17.88333333,91.43,0.495672471,High risk
1,"Seymour, WI",44.5306,-88.4135,6/23/2025,21.5,32.2,98,25.9,23.67,15.01904762,18.42333333,91.36333333,0.446137104,High risk
1,"Seymour, WI",44.5306,-88.4135,6/24/2025,18.2,23.1,99.5,15.8,23.81333333,15.15714286,18.43333333,91.43,0.434147757,High risk
1,"Seymour, WI",44.5306,-88.4135,6/25/2025,14.4,21.2,96.5,17.6,23.82,15.20952381,18.51666667,91.41333333,0.431673577,High risk
1,"Seymour, WI",44.5306,-88.4135,6/26/2025,14.3,19.9,100,24.8,23.77333333,15.4047619,18.68333333,92.07333333,0.431730237,High risk
1,"Seymour, WI",44.5306,-88.4135,6/27/2025,16.3,25.3,100,25.6,23.99333333,15.55238095,19.03333333,92.3,0.404920971,High risk
1,"Seymour, WI",44.5306,-88.4135,6/28/2025,15,27.1,99,13.7,24.23666667,15.57619048,19.08333333,92.6,0.38235233,High risk
1,"Seymour, WI",44.5306,-88.4135,6/29/2025,19.5,30.5,100,21.2,24.54,15.8952381,19.20333333,92.79666667,0.352055913,High risk
1,"Seymour, WI",44.5306,-88.4135,6/30/2025,18.6,28.7,100,20.2,24.75333333,16.22857143,19.37333333,93.32,0.328524563,Moderate risk
1,"Seymour, WI",44.5306,-88.4135,7/1/2025,16.2,29.3,95.6,19.1,24.96333333,16.41428571,19.59,93.47666667,0.304353114,Moderate risk
1,"Seymour, WI",44.5306,-88.4135,7/2/2025,17.6,30,91.8,16.9,25.02333333,16.65238095,19.35,94.11666667,0.304011121,Moderate risk
1,"Seymour, WI",44.5306,-88.4135,7/3/2025,17.2,27.3,98,16.2,25.02,16.83333333,19.03666667,94.15,0.311223892,Moderate risk
1,"Seymour, WI",44.5306,-88.4135,7/4/2025,18.4,31.6,86.9,16.6,25.24666667,17.18571429,19.15666667,93.81333333,0.287465553,Moderate risk
1,"Seymour, WI",44.5306,-88.4135,7/5/2025,22,31.5,100,24.5,25.43666667,17.67619048,19.65,94.05666667,0.25989392,Moderate risk
1,"Seymour, WI",44.5306,-88.4135,7/6/2025,16.6,25.4,98,19.1,25.54666667,17.88095238,19.84333333,94.44,0.246342701,Moderate risk
1,"Seymour, WI",44.5306,-88.4135,7/7/2025,12.3,24.8,88.2,10.4,25.53,17.85238095,19.59,94.69333333,0.252726403,Moderate risk
1,"Seymour, WI",44.5306,-88.4135,7/8/2025,15,27.4,97.5,13,25.76,17.66190476,19.46,94.61,0.234940556,Moderate risk
1,"Seymour, WI",44.5306,-88.4135,7/9/2025,17.2,25.2,100,16.2,26.09,17.61904762,19.29333333,94.9,0.209922311,Moderate risk
1,"Seymour, WI",44.5306,-88.4135,7/10/2025,14,26.1,99.5,16.6,26.36333333,17.53333333,19.23333333,95.14,0.188894915,Low risk
1,"Seymour, WI",44.5306,-88.4135,7/11/2025,16.9,27.3,99,14,26.36,17.6047619,19.06333333,95.36333333,0.192120934,Low risk
1,"Seymour, WI",44.5306,-88.4135,7/12/2025,18.2,27.7,100,22.3,26.61333333,17.3952381,19.1,95.83,0.172066776,Low risk
1,"Seymour, WI",44.5306,-88.4135,7/13/2025,15.2,26.5,97,14,27.02666667,16.88571429,18.76333333,95.89333333,0.148349405,Low risk
1,"Seymour, WI",44.5306,-88.4135,7/14/2025,17.3,30,93.2,16.2,27.32333333,16.68571429,18.58333333,95.92333333,0.132141166,Low risk
1,"Seymour, WI",44.5306,-88.4135,7/15/2025,20.8,30.3,98.5,21.2,27.64666667,16.80952381,18.82333333,96.22333333,0.110401322,Low risk
1,"Seymour, WI",44.5306,-88.4135,7/16/2025,13.6,28.5,99,31,27.75,16.77142857,19.23333333,96.37,0.100131254,Low risk
1,"Seymour, WI",44.5306,-88.4135,7/17/2025,12.9,21.7,96,18,27.54333333,16.7047619,19.17333333,96.57,0.111495052,Low risk
1,"Seymour, WI",44.5306,-88.4135,7/18/2025,10.1,23.8,99.5,14.8,27.51,16.40952381,19.44,96.57,0.1100336,Low risk
1,"Seymour, WI",44.5306,-88.4135,7/19/2025,17,26.6,100,11.9,27.49,16.5047619,19.16333333,96.58666667,0.114521266,Low risk
1,"Seymour, WI",44.5306,-88.4135,7/20/2025,14,25.4,97,10.8,27.40333333,16.24285714,18.9,96.50333333,0.12288039,Low risk
1,"Seymour, WI",44.5306,-88.4135,7/21/2025,14.1,24.4,92.7,13,27.11,16.02857143,18.29,96.78333333,0.150365401,Low risk
1,"Seymour, WI",44.5306,-88.4135,7/22/2025,14.4,29.2,100,18.7,26.93333333,15.94285714,17.97666667,97.34666667,0.168030528,Low risk
1,"Seymour, WI",44.5306,-88.4135,7/23/2025,19.5,30.5,100,22.3,26.87666667,16.03333333,17.85666667,97.41333333,0.17434571,Low risk
1,"Seymour, WI",44.5306,-88.4135,7/24/2025,20.3,27.5,100,12.6,27.02333333,16.18095238,17.75,97.43,0.165682221,Low risk
1,"Seymour, WI",44.5306,-88.4135,7/25/2025,18.7,27.1,99.5,9.4,27.22,16.1952381,17.47666667,97.53,0.156959993,Low risk
1,"Seymour, WI",44.5306,-88.4135,7/26/2025,16.2,29.7,93.7,9.4,27.54666667,15.91904762,16.96333333,97.32,0.144810934,Low risk
1,"Seymour, WI",44.5306,-88.4135,7/27/2025,19.6,32,100,14.4,27.77,16.06190476,16.59,97.32,0.137799717,Low risk
1,"Seymour, WI",44.5306,-88.4135,7/28/2025,21.8,32.3,95.6,11.9,27.94333333,16.51428571,16.53,97.20666667,0.128788986,Low risk
1,"Seymour, WI",44.5306,-88.4135,7/29/2025,21.3,30.5,95.6,23,27.94333333,16.81428571,16.59,97.06,0.127752508,Low risk
1,"Seymour, WI",44.5306,-88.4135,7/30/2025,17.6,23.2,77.8,19.4,27.76,16.83333333,16.56333333,96.32,0.138875152,Low risk
1,"Seymour, WI",44.5306,-88.4135,7/31/2025,12.3,23.4,81.8,18.7,27.56333333,16.75238095,16.55,95.86,0.151341459,Low risk
1,"Seymour, WI",44.5306,-88.4135,8/1/2025,10.1,24.6,97,7.2,27.38333333,16.42857143,16.22666667,96.03333333,0.16967002,Low risk
1,"Seymour, WI",44.5306,-88.4135,8/2/2025,11.8,27,96,7.6,27.37333333,16.12380952,15.94,95.96666667,0.176252075,Low risk
1,"Seymour, WI",44.5306,-88.4135,8/3/2025,12.1,26.7,100,9,27.21,15.97619048,15.68666667,96.40333333,0.193475621,Low risk
1,"Seymour, WI",44.5306,-88.4135,8/4/2025,13.3,26.6,99,14.8,27.04666667,15.78571429,15.36333333,96.37,0.213118611,Moderate risk
1,"Seymour, WI",44.5306,-88.4135,8/5/2025,14.7,27.5,100,13.7,27.11666667,15.4952381,15.18333333,96.43666667,0.211753125,Moderate risk
1,"Seymour, WI",44.5306,-88.4135,8/6/2025,15.8,28,95.6,17.6,27.22333333,15.6,15.42333333,96.68333333,0.198264003,Low risk
1,"Seymour, WI",44.5306,-88.4135,8/7/2025,17.2,30.6,95.1,15.8,27.33,15.8047619,15.51666667,96.60333333,0.188361543,Low risk
1,"Seymour, WI",44.5306,-88.4135,8/8/2025,20.2,32.2,100,20.5,27.56333333,16.28571429,15.66,96.60333333,0.168983782,Low risk
1,"Seymour, WI",44.5306,-88.4135,8/9/2025,20,29.1,100,21.2,27.66333333,16.42857143,15.81333333,96.62,0.159231183,Low risk
1,"Seymour, WI",44.5306,-88.4135,8/10/2025,19.6,25.3,100,16.6,27.59666667,16.6952381,15.9,96.65333333,0.161850196,Low risk
1,"Seymour, WI",44.5306,-88.4135,8/11/2025,19.6,27.4,100,19.1,27.58666667,16.95714286,15.79333333,96.65333333,0.164676159,Low risk
1,"Seymour, WI",44.5306,-88.4135,8/12/2025,18.5,28,97,18.4,27.63666667,17.15238095,15.94,96.65333333,0.158428893,Low risk
1,"Seymour, WI",44.5306,-88.4135,8/13/2025,15,27.5,99.5,9.7,27.55333333,16.93809524,15.72333333,96.86333333,0.168347776,Low risk
1,"Seymour, WI",44.5306,-88.4135,8/14/2025,16.8,27.8,98,13,27.47,16.77142857,15.45,96.84666667,0.179829379,Low risk
1,"Seymour, WI",44.5306,-88.4135,8/15/2025,19.1,29.8,83.1,16.9,27.51333333,16.79047619,14.98,96.31666667,0.187013096,Low risk
1,"Seymour, WI",44.5306,-88.4135,8/16/2025,18.6,25.7,100,19.4,27.64666667,16.9047619,15.02666667,96.45,0.176782463,Low risk
1,"Seymour, WI",44.5306,-88.4135,8/17/2025,15.3,22.4,100,20.2,27.6,16.7,15.20666667,96.46666667,0.176072346,Low risk
1,"Seymour, WI",44.5306,-88.4135,8/18/2025,16.9,17.8,100,15.8,27.30666667,16.46666667,15.33666667,96.46666667,0.194003303,Low risk
1,"Seymour, WI",44.5306,-88.4135,8/19/2025,16.7,25.8,100,12.2,27.32,16.24761905,15.38333333,96.56666667,0.192000521,Low risk
1,"Seymour, WI",44.5306,-88.4135,8/20/2025,17.5,22.1,100,12.6,27.24333333,16.24285714,15.37,96.81,0.197952866,Low risk
1,"Seymour, WI",44.5306,-88.4135,8/21/2025,14.7,24.2,100,8.6,27.07666667,16.35714286,15.03333333,96.81,0.218283687,Moderate risk
1,"Seymour, WI",44.5306,-88.4135,8/22/2025,14.4,25.9,100,14.8,26.92333333,16.56190476,14.78333333,96.81,0.236278971,Moderate risk
1,"Seymour, WI",44.5306,-88.4135,8/23/2025,13.5,21.6,99,23.4,26.72666667,16.64285714,15.14333333,96.77666667,0.244131929,Moderate risk
1,"Seymour, WI",44.5306,-88.4135,8/24/2025,11.1,19.4,98.5,24.1,26.47,16.5952381,15.63333333,96.74333333,0.254716897,Moderate risk
1,"Seymour, WI",44.5306,-88.4135,8/25/2025,8.8,19.8,100,19.8,26.14,16.38095238,15.98,96.95333333,0.276122669,Moderate risk
1,"Seymour, WI",44.5306,-88.4135,8/26/2025,7,22,96,13.3,25.80666667,16.01428571,15.94333333,96.82,0.307921731,Moderate risk
1,"Seymour, WI",44.5306,-88.4135,8/27/2025,7.6,24.4,99,20.9,25.54333333,15.62380952,16.24333333,96.93333333,0.325894972,Moderate risk
1,"Seymour, WI",44.5306,-88.4135,8/28/2025,11.8,21.6,100,16.2,25.24666667,15.36666667,16.01666667,97.08,0.359492269,High risk
1,"Seymour, WI",44.5306,-88.4135,8/29/2025,6.4,19.1,97.5,10.8,25.11,14.70952381,15.73,97.73666667,0.378960793,High risk
1,"Seymour, WI",44.5306,-88.4135,8/30/2025,7.5,23.2,100,7.2,25.10333333,14.11428571,15.34666667,98.34333333,0.388078386,High risk
1,"Seymour, WI",44.5306,-88.4135,8/31/2025,8.2,25,97.5,9.4,25.11666667,13.57142857,15.42,98.36,0.385230316,High risk
1,"Seymour, WI",44.5306,-88.4135,9/1/2025,9.7,24.9,96.5,10.8,25.04666667,13.1,15.52666667,98.37666667,0.389426036,High risk
1,"Seymour, WI",44.5306,-88.4135,9/2/2025,11.3,24.8,99,13.7,24.98333333,12.75714286,15.68333333,98.34333333,0.391886072,High risk
1,"Seymour, WI",44.5306,-88.4135,9/3/2025,7.1,18.2,96,25.2,24.70333333,12.38095238,16.03,98.24333333,0.410140289,High risk
1,"Seymour, WI",44.5306,-88.4135,9/4/2025,4,15.5,100,22.3,24.30333333,11.77142857,16.31666667,98.24333333,0.439639828,High risk
1,"Seymour, WI",44.5306,-88.4135,9/5/2025,8.5,13.4,84.7,31.3,23.81666667,11.26666667,16.77333333,97.88,0.47058548,High risk
1,"Seymour, WI",44.5306,-88.4135,9/6/2025,8.3,15.6,97,16.9,23.31666667,10.77619048,16.81,97.94333333,0.507188572,High risk
1,"Seymour, WI",44.5306,-88.4135,9/7/2025,4.6,17,100,13,22.81,10.26666667,16.56,97.94333333,0.544012902,High risk
1,"Seymour, WI",44.5306,-88.4135,9/8/2025,4.7,21.5,98.5,19.4,22.55666667,9.685714286,16.5,97.89333333,0.541529475,High risk
1,"Seymour, WI",44.5306,-88.4135,9/9/2025,11.4,23.7,81,19.1,22.50333333,9.433333333,16.58333333,97.26,0.528738687,High risk
1,"Seymour, WI",44.5306,-88.4135,9/10/2025,13.8,21.1,96.5,8.3,22.29333333,9.257142857,16.22333333,97.14333333,0.533343529,High risk
1,"Seymour, WI",44.5306,-88.4135,9/11/2025,11.8,19.2,100,13,22,9.119047619,16.04333333,97.24333333,0.539555984,High risk
1,"Seymour, WI",44.5306,-88.4135,9/12/2025,10.2,24.9,100,13,21.91333333,8.919047619,16.15333333,97.26,0.529782939,High risk
1,"Seymour, WI",44.5306,-88.4135,9/13/2025,15.9,25.4,100,13.7,21.83333333,9.033333333,16.17666667,97.32666667,0.539315736,High risk
1,"Seymour, WI",44.5306,-88.4135,9/14/2025,13.9,27.3,100,14,21.75,9.166666667,16.08,97.89,0.551648311,High risk
1,"Seymour, WI",44.5306,-88.4135,9/15/2025,13.7,28.3,98,15.1,21.83666667,9.4,15.93666667,97.82333333,0.563968806,High risk
1,"Seymour, WI",44.5306,-88.4135,9/16/2025,13,28.8,97.5,11.9,22.05,9.685714286,15.66,97.74,0.575663903,High risk
1,"Seymour, WI",44.5306,-88.4135,9/17/2025,15.3,30.2,92.7,12.2,22.46333333,10.05238095,15.54,97.49666667,0.577060479,High risk
1,"Seymour, WI",44.5306,-88.4135,9/18/2025,17.5,24.3,94.6,14.4,22.41333333,10.32380952,15.61333333,97.31666667,0.57846942,High risk
1,"Seymour, WI",44.5306,-88.4135,9/19/2025,16.2,22.2,96.5,22.3,22.41666667,10.79047619,15.93666667,97.2,0.574079792,High risk
1,"Seymour, WI",44.5306,-88.4135,9/20/2025,16.3,20.3,100,15.1,22.28666667,11.20952381,16.15333333,97.2,0.577419195,High risk
1,"Seymour, WI",44.5306,-88.4135,9/21/2025,16.5,24,100,9.7,22.22333333,11.6047619,15.98333333,97.2,0.582581767,High risk
1,"Seymour, WI",44.5306,-88.4135,9/22/2025,16.1,22.2,100,11.2,22.24333333,11.90952381,15.57666667,97.23333333,0.586721921,High risk
1,"Seymour, WI",44.5306,-88.4135,9/23/2025,15.4,22.8,100,13.7,22.35666667,12.1047619,15.23,97.28333333,0.585726318,High risk
1,"Seymour, WI",44.5306,-88.4135,9/24/2025,13.6,19.8,98,14.8,22.35666667,12.41428571,15.06333333,97.21666667,0.587605699,High risk
1,"Seymour, WI",44.5306,-88.4135,9/25/2025,11.3,24.4,100,11.5,22.43666667,12.76190476,15.00333333,97.35,0.584702409,High risk
1,"Seymour, WI",44.5306,-88.4135,9/26/2025,10.5,19.5,100,15.5,22.27333333,12.85714286,14.82333333,97.38333333,0.593947355,High risk
1,"Seymour, WI",44.5306,-88.4135,9/27/2025,8.5,27.7,100,19.8,22.47666667,12.86666667,14.94333333,97.38333333,0.583548903,High risk
1,"Seymour, WI",44.5306,-88.4135,9/28/2025,6.5,24.1,96,7.6,22.64333333,12.95714286,14.83666667,97.33333333,0.57681435,High risk
1,"Seymour, WI",44.5306,-88.4135,9/29/2025,7.5,28.5,100,6.8,22.82,13.09047619,14.82333333,97.33333333,0.568053213,High risk
1,"Seymour, WI",44.5306,-88.4135,9/30/2025,13.2,26.1,100,14.8,22.85666667,13.17619048,15.00333333,97.41666667,0.563891216,High risk
1,"Seymour, WI",44.5306,-88.4135,10/1/2025,13.7,23.4,100,14,22.80666667,13.17142857,15.11,97.53333333,0.565212702,High risk
1,"Seymour, WI",44.5306,-88.4135,10/2/2025,12.7,26.3,100,15.5,22.85666667,13.21428571,15.17,97.56666667,0.56176916,High risk
1,"Seymour, WI",44.5306,-88.4135,10/3/2025,15.1,30.5,90,16.6,23.26666667,13.44761905,14.88333333,97.36666667,0.54204232,High risk
1,"Seymour, WI",44.5306,-88.4135,10/4/2025,16.7,30.3,92.3,25.2,23.76,13.48571429,14.98,97.11,0.507842342,High risk
1,"Seymour, WI",44.5306,-88.4135,10/5/2025,18,26.7,74.8,29.5,24.20333333,13.68095238,14.92,96.78,0.475218888,High risk
1,"Seymour, WI",44.5306,-88.4135,10/6/2025,12.2,22.2,100,16.2,24.42333333,13.60952381,14.89666667,96.88,0.457655365,High risk
1,"Seymour, WI",44.5306,-88.4135,10/7/2025,7.9,18.7,100,20.2,24.48,13.36666667,15.13666667,96.88,0.448310286,High risk
1,"Seymour, WI",44.5306,-88.4135,10/8/2025,1.7,14.6,91.8,7.9,24.25,12.71904762,14.75333333,96.65666667,0.474422274,High risk
1,"Seymour, WI",44.5306,-88.4135,10/9/2025,1.3,17,93.7,13,24.02666667,11.94761905,14.55,97.08,0.495227249,High risk
1,"Seymour, WI",44.5306,-88.4135,10/10/2025,7.3,20.3,80.6,23,24,11.52380952,15.04,96.55,0.48900675,High risk
1,"Seymour, WI",44.5306,-88.4135,10/11/2025,4.5,14.7,89.5,11.5,23.85,10.96190476,14.99,96.2,0.50106081,High risk
1,"Seymour, WI",44.5306,-88.4135,10/12/2025,11.7,17.8,84.7,20.2,23.61333333,10.73333333,15.23,95.69,0.513978252,High risk
1,"Seymour, WI",44.5306,-88.4135,10/13/2025,9.4,19.8,94.6,11.2,23.42666667,10.41428571,15.14666667,95.51,0.527819899,High risk
1,"Seymour, WI",44.5306,-88.4135,10/14/2025,6.5,13.5,96.5,16.2,22.96666667,9.99047619,15.22,95.39333333,0.554052466,High risk
1,"Seymour, WI",44.5306,-88.4135,10/15/2025,7.6,14,99.5,9.4,22.49,9.704761905,15.03,95.44333333,0.56414855,High risk
1,"Seymour, WI",44.5306,-88.4135,10/16/2025,5.3,16.1,99.5,12.6,22.06666667,9.419047619,15.05333333,95.51,0.564496077,High risk
1,"Seymour, WI",44.5306,-88.4135,10/17/2025,12.7,24,91.8,24.8,21.86,9.523809524,15.47333333,95.48,0.574301733,High risk
1,"Seymour, WI",44.5306,-88.4135,10/18/2025,14.5,23.3,100,19.8,21.82666667,9.80952381,15.65333333,95.66,0.590986978,High risk
1,"Seymour, WI",44.5306,-88.4135,10/19/2025,4.3,14.2,90.4,27,21.56,9.704761905,15.81,95.45666667,0.592539289,High risk
1,"Seymour, WI",44.5306,-88.4135,10/20/2025,0.8,17.3,93.7,25.9,21.46,9.385714286,16.17,95.24666667,0.572720636,High risk
1,"Seymour, WI",44.5306,-88.4135,10/21/2025,5,9.4,92.7,21.2,20.97333333,8.995238095,16.55333333,95.00333333,0.559784591,High risk
1,"Seymour, WI",44.5306,-88.4135,10/22/2025,4.1,9.2,91.8,25.9,20.54,8.538095238,17.04333333,94.73,0.538291065,High risk
1,"Seymour, WI",44.5306,-88.4135,10/23/2025,2.3,8.4,98,22,20.06,8.042857143,17.32,94.66333333,0.516188367,High risk
1,"Seymour, WI",44.5306,-88.4135,10/24/2025,-1.1,10.3,97,10.8,19.74333333,7.271428571,17.18666667,94.63,0.474376274,High risk
1,"Seymour, WI",44.5306,-88.4135,10/25/2025,-0.7,12.3,97.5,11.5,19.34,6.442857143,17.18666667,94.54666667,0.428194877,High risk
1,"Seymour, WI",44.5306,-88.4135,10/26/2025,-0.7,14.3,100,18,19.16666667,5.552380952,17.27,94.54666667,0.371682782,High risk
1,"Seymour, WI",44.5306,-88.4135,10/27/2025,0.5,12.1,100,17.3,18.64666667,4.995238095,17.18666667,94.54666667,0.344299495,Moderate risk
1,"Seymour, WI",44.5306,-88.4135,10/28/2025,1.9,14.1,100,22,18.31333333,4.70952381,17.66666667,94.68,0.32875145,Moderate risk
1,"Seymour, WI",44.5306,-88.4135,10/29/2025,1.4,12.5,100,20.2,17.78,4.695238095,18.11333333,94.68,0.33705434,Moderate risk
1,"Seymour, WI",44.5306,-88.4135,10/30/2025,-0.4,12.6,100,11.2,17.33,4.614285714,17.99333333,94.68,0.344068603,Moderate risk
1,"Seymour, WI",44.5306,-88.4135,10/31/2025,2.8,10.9,88.6,13.7,16.91333333,4.4,17.98333333,94.3,0.339052333,Moderate risk
1,"Seymour, WI",44.5306,-88.4135,11/1/2025,0.5,8.2,86.5,16.6,16.31,4.20952381,18.02,93.85,0.340927142,Moderate risk
